name,grade,year,month,surface,length
Hakodate Junior Stakes,G3,Junior,Late Jul,Turf,Sprint
Niigata Junior Stakes,G3,Junior,Late Aug,Turf,Mile
Kokura Junior Stakes,G3,Junior,Early Sep,Turf,Sprint
Sapporo Junior Stakes,G3,Junior,Early Sep,Turf,Mile
Saudi Arabia Royal Cup,G3,Junior,Early Oct,Turf,Mile
Artemis Stakes,G3,Junior,Late Oct,Turf,Mile
Keio Hai Junior Stakes,G2,Junior,Early Nov,Turf,Sprint
Daily Hai Junior Stakes,G2,Junior,Early Nov,Turf,Mile
Fantasy Stakes,G3,Junior,Early Nov,Turf,Sprint
Tokyo Sports Hai Junior Stakes,G3,Junior,Late Nov,Turf,Mile
Kyoto Junior Stakes,G3,Junior,Late Nov,Turf,Medium
Hanshin Juvenile Fillies,G1,Junior,Early Dec,Turf,Mile
Asahi Hai Futurity Stakes,G1,Junior,Early Dec,Turf,Mile
Hopeful Stakes,G1,Junior,Late Dec,Turf,Medium
Zen-Nippon Junior Yushun,G1,Junior,Late Dec,Dirt,Mile
Shinzan Kinen,G3,Classic,Early Jan,Turf,Mile
Fairy Stakes,G3,Classic,Early Jan,Turf,Mile
Keisei Hai,G3,Classic,Early Jan,Turf,Medium
Kisaragi Sho,G3,Classic,Early Feb,Turf,Mile
Queen Cup,G3,Classic,Early Feb,Turf,Mile
Kyodo News Hai,G3,Classic,Early Feb,Turf,Mile
Fillies' Revue,G2,Classic,Early Mar,Turf,Sprint
Yayoi Sho,G2,Classic,Early Mar,Turf,Medium
Tulip Sho,G2,Classic,Early Mar,Turf,Mile
Spring Stakes,G2,Classic,Late Mar,Turf,Mile
Falcon Stakes,G3,Classic,Late Mar,Turf,Sprint
Flower Cup,G3,Classic,Late Mar,Turf,Mile
Mainichi Hai,G3,Classic,Late Mar,Turf,Mile
Oka Sho,G1,Classic,Early Apr,Turf,Mile
Satsuki Sho,G1,Classic,Early Apr,Turf,Medium
New Zealand Trophy,G2,Classic,Early Apr,Turf,Mile
Arlington Cup,G3,Classic,Early Apr,Turf,Mile
Marine Cup,G3,"Classic,Senior",Early Apr,Dirt,Mile
Flora Stakes,G2,Classic,Late Apr,Turf,Medium
Aoba Sho,G2,Classic,Late Apr,Turf,Medium
NHK Mile Cup,G1,Classic,Early May,Turf,Mile
Kyoto Shimbun Hai,G2,"Classic,Senior",Early May,Turf,Medium
Japanese Oaks,G1,Classic,Late May,Turf,Medium
Japanese Derby,G1,Classic,Late May,Turf,Medium
Aoi Stakes,G3,Classic,Late May,Turf,Sprint
Yasuda Kinen,G1,"Classic,Senior",Early Jun,Turf,Mile
Kanto Oaks,G2,Classic,Early Jun,Dirt,Medium
Naruo Kinen,G3,"Classic,Senior",Early Jun,Turf,Medium
Mermaid Stakes,G3,"Classic,Senior",Early Jun,Turf,Medium
Epsom Cup,G3,"Classic,Senior",Early Jun,Turf,Mile
Takarazuka Kinen,G1,"Classic,Senior",Late Jun,Turf,Medium
Unicorn Stakes,G3,Classic,Late Jun,Dirt,Mile
Hakodate Sprint Stakes,G3,"Classic,Senior",Late Jun,Turf,Sprint
Japan Dirt Derby,G1,Classic,Early Jul,Dirt,Medium
CBC Sho,G3,"Classic,Senior",Early Jul,Turf,Sprint
Procyon Stakes,G3,"Classic,Senior",Early Jul,Dirt,Sprint
Tanabata Sho,G3,"Classic,Senior",Early Jul,Turf,Medium
Hakodate Kinen,G3,"Classic,Senior",Early Jul,Turf,Medium
Radio Nikkei Sho,G3,Classic,Early Jul,Turf,Mile
Sparkling Lady Cup,G3,"Classic,Senior",Early Jul,Dirt,Mile
Chukyo Kinen,G3,"Classic,Senior",Late Jul,Turf,Mile
Ibis Summer Dash,G3,"Classic,Senior",Late Jul,Turf,Sprint
Queen Stakes,G3,"Classic,Senior",Late Jul,Turf,Mile
Mercury Cup,G3,"Classic,Senior",Late Jul,Dirt,Medium
Kokura Kinen,G3,"Classic,Senior",Early Aug,Turf,Medium
Sekiya Kinen,G3,"Classic,Senior",Early Aug,Turf,Mile
Elm Stakes,G3,"Classic,Senior",Early Aug,Dirt,Mile
Leopard Stakes,G3,Classic,Early Aug,Dirt,Mile
Sapporo Kinen,G2,"Classic,Senior",Late Aug,Turf,Medium
Kitakyushu Kinen,G3,"Classic,Senior",Late Aug,Turf,Sprint
Keeneland Cup,G3,"Classic,Senior",Late Aug,Turf,Sprint
Cluster Cup,G3,"Classic,Senior",Late Aug,Dirt,Sprint
Centaur Stakes,G2,"Classic,Senior",Early Sep,Turf,Sprint
Rose Stakes,G2,Classic,Early Sep,Turf,Mile
Niigata Kinen,G3,"Classic,Senior",Early Sep,Turf,Medium
Keisei Hai Autumn Handicap,G3,"Classic,Senior",Early Sep,Turf,Mile
Shion Stakes,G3,Classic,Early Sep,Turf,Medium
Sprinters Stakes,G1,"Classic,Senior",Late Sep,Turf,Sprint
Kobe Shimbun Hai,G2,Classic,Late Sep,Turf,Medium
All Comers,G2,"Classic,Senior",Late Sep,Turf,Medium
St. Lite Kinen,G2,Classic,Late Sep,Turf,Medium
Sazanka TV Hai,G2,"Classic,Senior",Late Sep,Dirt,Mile
Sirius Stakes,G3,"Classic,Senior",Late Sep,Dirt,Medium
Mile Championship Nambu Hai,G1,"Classic,Senior",Early Oct,Dirt,Mile
Mainichi Okan,G2,"Classic,Senior",Early Oct,Turf,Mile
Kyoto Daishoten,G2,"Classic,Senior",Early Oct,Turf,Medium
Fuchu Umamusume Stakes,G2,Classic,Early Oct,Turf,Mile
Ladies Prelude,G2,"Classic,Senior",Early Oct,Dirt,Mile
Tokyo Hai,G2,"Classic,Senior",Early Oct,Dirt,Sprint
Tenno Sho (Autumn),G1,"Classic,Senior",Late Oct,Turf,Medium
Shuka Sho,G1,Classic,Late Oct,Turf,Medium
Kikuka Sho,G1,Classic,Late Oct,Turf,Long
Swan Stakes,G2,"Classic,Senior",Late Oct,Turf,Sprint
Fuji Stakes,G2,"Classic,Senior",Late Oct,Turf,Mile
Queen Elizabeth II Cup,G1,"Classic,Senior",Early Nov,Turf,Medium
JBC Ladies Classic,G1,"Classic,Senior",Early Nov,Dirt,Mile
JBC Sprint,G1,"Classic,Senior",Early Nov,Dirt,Sprint
JBC Classic,G1,"Classic,Senior",Early Nov,Dirt,Medium
Copa Republica Argentina,G2,"Classic,Senior",Early Nov,Turf,Long
Miyako Stakes,G3,"Classic,Senior",Early Nov,Dirt,Mile
Musashino Stakes,G3,"Classic,Senior",Early Nov,Dirt,Mile
Fukushima Kinen,G3,"Classic,Senior",Early Nov,Turf,Medium
Mile Championship,G1,"Classic,Senior",Late Nov,Turf,Mile
Japan Cup,G1,"Classic,Senior",Late Nov,Turf,Medium
Keihan Hai,G3,"Classic,Senior",Late Nov,Turf,Sprint
Champions Cup,G1,"Classic,Senior",Early Dec,Dirt,Mile
Stayers Stakes,G2,"Classic,Senior",Early Dec,Turf,Long
Challenge Cup,G3,"Classic,Senior",Early Dec,Turf,Medium
Chunichi Shimbun Hai,G3,"Classic,Senior",Early Dec,Turf,Medium
Capella Stakes,G3,"Classic,Senior",Early Dec,Dirt,Sprint
Turquoise Stakes,G3,"Classic,Senior",Early Dec,Turf,Mile
Queen Sho,G3,"Classic,Senior",Early Dec,Dirt,Mile
Arima Kinen,G1,"Classic,Senior",Late Dec,Turf,Long
Tokyo Daishoten,G1,"Classic,Senior",Late Dec,Dirt,Medium
Hanshin Cup,G2,"Classic,Senior",Late Dec,Turf,Sprint
Nikkei Shinshun Hai,G2,Senior,Early Jan,Turf,Medium
Kyoto Kimpai,G3,Senior,Early Jan,Turf,Mile
Nakayama Kimpai,G3,Senior,Early Jan,Turf,Medium
Aichi Hai,G3,Senior,Early Jan,Turf,Medium
Tokai Stakes,G2,Senior,Late Jan,Dirt,Mile
American JCC,G2,Senior,Late Jan,Turf,Medium
Silk Road Stakes,G3,Senior,Late Jan,Turf,Sprint
Negishi Stakes,G3,Senior,Late Jan,Dirt,Sprint
TCK Jo-o Hai,G3,Senior,Late Jan,Dirt,Mile
Kawasaki Kinen,G1,Senior,Early Feb,Dirt,Medium
Kyoto Kinen,G2,Senior,Early Feb,Turf,Medium
Tokyo Shimbun Hai,G3,Senior,Early Feb,Turf,Mile
February Stakes,G1,Senior,Late Feb,Dirt,Mile
Nakayama Kinen,G2,Senior,Late Feb,Turf,Mile
Kyoto Umamusume Stakes,G3,Senior,Late Feb,Turf,Sprint
Diamond Stakes,G3,Senior,Late Feb,Turf,Long
Kokura Daishoten,G3,Senior,Late Feb,Turf,Mile
Hankyu Hai,G3,Senior,Late Feb,Turf,Sprint
Kinko Sho,G2,Senior,Early Mar,Turf,Medium
Empress Hai,G2,Senior,Early Mar,Dirt,Medium
Ocean Stakes,G3,Senior,Early Mar,Turf,Sprint
Nakayama Umamusume Stakes,G3,Senior,Early Mar,Turf,Mile
Takamatsunomiya Kinen,G1,Senior,Late Mar,Turf,Sprint
Osaka Hai,G1,Senior,Late Mar,Turf,Medium
Hanshin Daishoten,G2,Senior,Late Mar,Turf,Long
Nikkei Sho,G2,Senior,Late Mar,Turf,Long
Diolite Kinen,G2,Senior,Late Mar,Dirt,Medium
March Stakes,G3,Senior,Late Mar,Dirt,Mile
Hanshin Umamusume Stakes,G2,Senior,Early Apr,Turf,Mile
Lord Derby Challenge Trophy,G3,Senior,Early Apr,Turf,Mile
Antares Stakes,G3,Senior,Early Apr,Dirt,Mile
Tenno Sho (Spring),G1,Senior,Late Apr,Turf,Long
Milers Cup,G2,Senior,Late Apr,Turf,Mile
Fukushima Umamusume Stakes,G3,Senior,Late Apr,Turf,Mile
Tokyo Sprint,G3,Senior,Late Apr,Dirt,Sprint
Victoria Mile,G1,Senior,Early May,Turf,Mile
Kashiwa Kinen,G1,Senior,Early May,Dirt,Mile
Keio Hai Spring Cup,G2,Senior,Early May,Turf,Sprint
Niigata Daishoten,G3,Senior,Early May,Turf,Medium
Meguro Kinen,G2,Senior,Late May,Turf,Long
Heian Stakes,G3,Senior,Late May,Dirt,Medium
Teio Sho,G1,Senior,Late Jun,Dirt,Medium
Ura Finale - Sprint,EX,Senior,Early Jan,Turf,Sprint
Ura Finale - Mile,EX,Senior,Early Jan,Turf,Mile
Ura Finale - Medium,EX,Senior,Early Jan,Turf,Medium
Ura Finale - Long,EX,Senior,Early Jan,Turf,Long
Ura Finale - Dirt,EX,Senior,Early Jan,Dirt,Medium
TS Climax - Sprint,EX,Senior,Early Jan,Turf,Sprint
TS Climax - Mile,EX,Senior,Early Jan,Turf,Mile
TS Climax - Medium,EX,Senior,Early Jan,Turf,Medium
TS Climax - Long,EX,Senior,Early Jan,Turf,Long
TS Climax - Dirt,EX,Senior,Early Jan,Dirt,Medium
