title,description
Witness to Legend (Unity),
Dream Team (Unity)
Team Player Star Slayer (Unity),
Spirit Burst (Unity),
Leading the Charge (Trackblazer),
Product Power (Trackblazer),
Climax King (Trackblazer),
Victorious,
Legendary Reprise (Grand Concert)
The Key to Success (Grand Concert)
Queen of Dance (Grand Concert)
Popping with Passion (Grand Concert)
Divine Songster (Grand Concert)
Visual Kei (Grand Concert)
Cool and Composed (Grand Concert)
Steamy Solidarity,
Got Guts,
Inspired Intellect,
Perpetual Motion,
Muscle Machine,
Golden Cleat,
Steely Mentality,
Super Sprinter,
Mile Magnet,
Mile Queen,
Stamina Stockpile,
Skill Master,
Skill Savant,
Sensation Succession,
Fan Favorite,
True Way of Queens,
True Way of Kings,
Way of Queens,
Way of Kings,
Undefeated,
Epoch Pioneer,
Record Holder,
G1 Hunter,
The GOAT,
Legendary Diva,
Finals Champion,
Legendary (Trackblazer),
Mile a Minute (Trackblazer),
Breakneck Miler (Trackblazer),
Phenomenal (Trackblazer),
Incredible (Trackblazer),
Dirt G1 Dominator (Trackblazer),
Goddess (Trackblazer),
Heroine (Trackblazer),
Eat My Dust (Trackblazer),
Sand Transcender,
Darling of the Sand,
Team Player (Unity),
Hearts United (Unity),
Moneymaker (Trackblazer),
First Step to Glory,
Virtuoso Vocalist (Grand Concert),
Born to Perform (Grand Concert,
Rebellious Phase,
Mutation,
Lossless Lineage,
Nepo Uma,
Power & Perseverance,
Super Uma,
Freestyle,
Sprinter Stayer,
All-Rounder,
Two-Way Runner,
Trainaholic,
Skill Collector,
Fighting Spirit,
Oi Overlord,
Speed Star,
Hanshin Harmony,
Divergent Double Crown,
Miler in the Making,
Speed Queen,
Rising Star,
Iron Uma,
Impeccable,
Senior Spring Triple Crown,
Senior Autumn Triple Crown,
Triple Crown,
Double Crown,
Triple Tiara,
Double Tiara,
Tenno Sweep,
December Domination,
Next-Gen Grandmaster,
Silver Collector,
Turf Terror,
Turf Sorceress,
Yokozuna,
Superb Stayer,
Monstrous Debut,
G1 Winner,
Stunning (Trackblazer),
Sprint Go-Getter (Trackblazer),
Dirt G1 Powerhouse (Trackblazer),
Dirt G1 Star (Trackblazer),
Dirt G1 Achiever (Trackblazer),
Lady (Trackblazer),
Sprint Speedster (Trackblazer),
Shield Bearer (Trackblazer),
Spring Champion (Trackblazer),
Fall Champion (Trackblazer),
Playing Dirty (Trackblazer),
Dirty Work (Trackblazer),
Standard Distance Leader (Trackblazer),
Non-Standard Distance Leader (Trackblazer),
Dirt Sprinter (Trackblazer),
Umatastic (Trackblazer),
Kicking Up Dust (Trackblazer),
Globe-Trotter (Trackblazer),
Junior Jewel (Trackblazer),
Turf Tussler (Trackblazer),
Dirt Dancer (Trackblazer),
Dirt Specialist,
Kawasaki's Iron Foot,
Nighttime Parade,
Twilighter,
Dirt Demon,
Speedster of the Sands,
Dual Track Queen,
Dirt Mile Hero,
Master of Many Locales,
Visiting the Greats,
Straightaway Supreme,
Well-Traveled,
Gold Hunter,
Jinx Breaker,
Eccentric,
Miss Dolphin,
Guts of Steel,
Power Lifter,
Quiz Queen,
Mismatched,
Shared Smarts,
Powerhouse,
Snow Queen,
Rainy Runner,
Miss Cloudy,
Unyielding,
Dirt Devil,
Undeniable,
Bronze Collector,
Unexpected,
Crownless Monarch,
Apple Far from the Tree,
Kikuka Krazy,
Derby Dreamer,
Satsuki Spirit,
Oaks Obsessed,
Sakura Seeker,
Nascent Legend,
Peak Condition,
Rampaging Racer,
Late Bloomer,
Divine Speed,
Derby Umamusume,
Oaks Umamusume,
Long Shot,
Place Perfect,
Unstoppable,
Consistent,
Sixth Sense,
Miss All Dirt,
Miss All Turf,
Eye of the Storm,
G2 Winner,
Graded Giant,
Make Debut,
Pro Racer (Trackblazer),
Hokkaido Hotshot (Trackblazer),
Tohoku Top Dog (Trackblazer),
Kanto Conqueror (Trackblazer),
West Japan Whiz (Trackblazer),
Kokura Constable (Trackblazer),
Regional Roundabout,
Local Sightseer,
Late Show,
Sunset Seeker,
Seeking Fame Afar,
Independent Learner,
